,BAU,PSC,DAC
Base,34.61417324,65.89129008,0.212159603
NDC,60.12448475,30.42558596,10.58150905
PkBudg500,73.1135294,16.12413692,12.54687366
