,Base,NDC,PkBudg500
Value [TWh],535.2940688,353.4274454,255.5489315
Epsilon [-],0.0252,0.0083,0.0048
